City,Lat,Lng,Max Temp,Humidity,Cloudiness,Wind Speed,Country,Date
Busselton,-33.65,115.3333,285.93,95,8,2.13,AU,1619370634
Kapaa,22.0752,-159.319,296.15,78,75,5.14,US,1619370650
Isangel,-19.55,169.2667,298.12,81,100,4.61,VU,1619370667
Soyo,-6.1349,12.3689,299.94,79,47,3.35,AO,1619370672
Khani,41.9563,42.9566,286.15,76,75,4.63,GE,1619370673
Vostok,46.4856,135.8833,268.46,53,4,2.14,RU,1619370673
Provideniya,64.3833,-173.3,273.93,94,95,1.4,RU,1619370643
Cherskiy,68.75,161.3,254.99,98,98,1.99,RU,1619370668
Jamestown,42.097,-79.2353,283.71,81,90,4.63,US,1619370447
Rikitea,-23.1203,-134.9692,298.36,76,84,3.16,PF,1619370630
Djebeniana,35.035,10.9081,293.15,60,20,4.12,TN,1619370675
Klaksvík,62.2266,-6.589,281.15,93,100,5.66,FO,1619370676
Quatre Cocos,-20.2078,57.7625,298.71,88,75,5.66,MU,1619370676
Hereford,52.0568,-2.7148,287.04,55,20,2.24,GB,1619370677
Aklavik,68.2191,-135.0107,267.15,79,20,5.66,CA,1619370677
Maţāy,28.419,30.7792,305.25,16,0,9.63,EG,1619370678
Albany,42.6001,-73.9662,285.37,71,90,2.06,US,1619370457
Torbay,47.6666,-52.7314,284.82,40,20,8.75,CA,1619370678
Vaini,-21.2,-175.2,297.15,94,75,3.09,TO,1619370679
Bethel,41.3712,-73.414,283.71,85,100,2.26,US,1619370680
Cape Town,-33.9258,18.4232,293.71,88,0,7.72,ZA,1619370532
Avarua,-21.2078,-159.775,299.15,83,40,4.12,CK,1619370635
Bredasdorp,-34.5322,20.0403,289.15,82,100,1.54,ZA,1619370681
Bluff,-46.6,168.3333,278.71,82,76,3.13,NZ,1619370661
Chokurdakh,70.6333,147.9167,265.1,94,100,6.01,RU,1619370682
Butaritari,3.0707,172.7902,301.05,77,27,4.74,KI,1619370682
Ushuaia,-54.8,-68.3,286.15,50,75,7.72,AR,1619370536
Bumba,2.1833,22.4667,295.33,96,100,2.02,CD,1619370683
Nanortalik,60.1432,-45.2371,279.31,73,100,7.87,GL,1619370685
Tahe,52.3333,124.7333,277.42,53,100,1.75,CN,1619370685
Mutare,-18.9707,32.6709,293.92,54,88,1.31,ZW,1619370686
Nikolskoye,59.7035,30.7861,277.15,87,75,6.0,RU,1619370686
Thompson,55.7435,-97.8558,274.15,44,75,3.09,CA,1619370651
Ferndale,42.4606,-83.1347,284.15,53,1,7.2,US,1619370687
Upernavik,72.7868,-56.1549,275.03,87,27,1.81,GL,1619370687
Goroka,-6.0834,145.3873,289.75,99,100,0.79,PG,1619370688
Bathsheba,13.2167,-59.5167,303.15,48,20,10.29,BB,1619370689
Lebu,-37.6167,-73.65,288.87,73,0,5.72,CL,1619370672
Macas,-2.3167,-78.1167,301.15,57,40,1.54,EC,1619370689
Harstad,68.79899999999999,16.5293,276.15,65,90,2.57,NO,1619370690
Alice Springs,-23.7,133.8833,282.15,61,0,0.51,AU,1619370690
Puerto Ayora,-0.7393,-90.3518,301.15,65,20,8.23,EC,1619370691
Constitución,-35.3333,-72.4167,291.7,55,0,5.68,CL,1619370691
Punta Arenas,-53.15,-70.9167,288.15,47,75,10.29,CL,1619370645
Umba,66.6871,34.3429,275.16,89,100,8.57,RU,1619370692
Marawi,7.9986,124.2928,298.71,88,81,0.89,PH,1619370692
Saskylakh,71.9167,114.0833,264.32,95,100,3.39,RU,1619370693
Sandy Bay,-42.913,147.3532,287.15,62,90,6.17,AU,1619370693
Saint Cloud,45.5608,-94.1625,279.26,49,90,5.66,US,1619370694
Balaipungut,1.05,101.2833,297.37,95,86,0.57,ID,1619370695
Battle Creek,42.3212,-85.1797,280.37,53,1,6.17,US,1619370420
Tuktoyaktuk,69.4541,-133.0374,261.15,92,90,4.63,CA,1619370696
Atuona,-9.8,-139.0333,299.85,71,68,8.23,PF,1619370326
Hambantota,6.1241,81.1185,300.29,79,35,2.77,LK,1619370696
Bonavista,48.6499,-53.1147,285.15,40,14,5.66,CA,1619370697
Cidreira,-30.1811,-50.2056,295.03,71,85,7.49,BR,1619370698
Oruzgan,32.8333,66.0,293.59,12,2,0.98,AF,1619370698
Rio Grande,-32.035,-52.0986,296.15,43,40,9.77,BR,1619370699
Hobart,-42.8794,147.3294,287.15,62,90,6.17,AU,1619370638
Veracruz,19.3333,-96.6667,302.04,74,90,6.17,MX,1619370656
Barrow,71.2906,-156.7887,261.15,92,1,5.66,US,1619370700
Prince Rupert,54.3161,-130.3201,285.15,40,1,3.09,CA,1619370563
New Norfolk,-42.7826,147.0587,287.04,81,100,2.23,AU,1619370701
Nipawin,53.3668,-104.0009,280.15,31,20,5.66,CA,1619370701
Vila Velha,-20.3297,-40.2925,303.15,66,20,6.17,BR,1619370702
Hermanus,-34.4187,19.2345,290.93,82,100,0.89,ZA,1619370703
Mossamedes,-15.1961,12.1522,299.49,70,6,6.98,AO,1619370703
Hong Kong,22.2855,114.1577,296.48,92,100,8.9,HK,1619370264
Kungurtug,50.5994,97.5228,269.18,91,100,1.95,RU,1619370704
Hamilton,39.1834,-84.5333,288.15,76,90,2.57,US,1619370100
Dingle,10.9995,122.6711,297.98,84,15,1.2,PH,1619370705
Port Shepstone,-30.7414,30.455,294.7,80,0,2.89,ZA,1619370706
Nacala,-14.5428,40.6728,296.98,91,100,2.18,MZ,1619370706
Bambous Virieux,-20.3428,57.7575,298.71,88,75,5.66,MU,1619370706
Kruisfontein,-34.0033,24.7314,295.42,43,100,1.63,ZA,1619370707
Mataura,-46.1927,168.8643,278.71,82,34,3.13,NZ,1619370708
Fort Nelson,58.8053,-122.7002,274.15,51,40,1.03,CA,1619370708
Valparaíso,-33.0393,-71.6273,288.15,94,20,2.57,CL,1619370710
Iqaluit,63.7506,-68.5145,274.15,80,75,1.03,CA,1619370710
Leshukonskoye,64.8989,45.7622,278.39,89,100,2.78,RU,1619370711
Marzuq,14.4,46.4667,296.04,67,45,4.48,YE,1619370711
Lubao,14.9167,120.55,298.15,83,40,1.03,PH,1619370713
Nome,64.5011,-165.4064,275.15,80,90,1.71,US,1619370713
Winslow,35.0242,-110.6974,296.15,12,1,9.26,US,1619370714
Kodīnar,20.7903,70.7031,300.71,80,19,4.92,IN,1619370714
Saint-Philippe,-21.3585,55.7679,299.15,73,0,10.8,RE,1619370333
Berlevåg,70.8578,29.0864,273.15,59,40,4.12,NO,1619370715
Lyngdal,58.1376,7.07,280.37,60,16,5.36,NO,1619370715
Saint George,37.1041,-113.5841,297.15,16,1,13.89,US,1619370468
Tura,25.5198,90.2201,299.28,26,23,1.71,IN,1619370716
Bud,39.447,-86.1758,285.93,54,1,4.63,US,1619370717
Souillac,-20.5167,57.5167,298.15,88,75,5.66,MU,1619370718
Esperance,-33.8667,121.9,290.15,63,2,6.69,AU,1619370718
Puerto del Rosario,28.5004,-13.8627,297.15,50,40,7.2,ES,1619370719
Leningradskiy,69.3833,178.4167,262.9,89,16,1.95,RU,1619370719
Lompoc,34.6391,-120.4579,287.15,58,100,1.7,US,1619370720
East London,-33.0153,27.9116,293.15,83,0,4.12,ZA,1619370652
São Sebastião,-23.76,-45.4097,299.53,62,78,2.18,BR,1619370721
Tiksi,71.6872,128.8694,267.26,96,99,1.9,RU,1619370721
Hilo,19.7297,-155.09,293.15,83,90,1.54,US,1619370450
Warrnambool,-38.3833,142.4833,284.26,96,51,3.4,AU,1619370722
Walvis Bay,-22.9575,14.5053,293.15,64,3,4.12,,1619370723
Sorong,-0.8833,131.25,298.59,89,78,4.5,ID,1619370723
Faanui,-16.4833,-151.75,300.16,65,8,1.49,PF,1619370724
Bonnyville,54.2668,-110.735,277.15,30,20,5.66,CA,1619370554
Tasiilaq,65.6145,-37.6368,277.15,65,75,10.29,GL,1619370538
Kaitangata,-46.2817,169.8464,275.93,77,41,0.89,NZ,1619370725
Ak-Dovurak,51.1833,90.6,273.53,51,50,1.02,RU,1619370726
Qaanaaq,77.484,-69.3632,272.73,72,85,1.71,GL,1619370319
Puerto Madero,14.7208,-92.4215,305.15,51,20,1.03,MX,1619370727
Yar-Sale,66.8333,70.8333,273.28,94,100,4.5,RU,1619370706
Nchelenge,-9.3451,28.734,296.56,72,74,0.3,ZM,1619370727
Dinar,38.065,30.1656,287.15,77,75,6.69,TR,1619370728
Morondava,-20.2833,44.2833,299.67,74,22,4.67,MG,1619370728
Ishigaki,24.3448,124.1572,295.65,65,41,7.98,JP,1619370729
Yellowknife,62.456,-114.3525,259.15,56,75,2.57,CA,1619370729
Okha,53.5739,142.9478,266.53,89,6,1.76,RU,1619370730
Krumovgrad,41.4667,25.65,282.58,76,24,2.85,BG,1619370730
Hay River,60.8156,-115.7999,262.15,79,90,4.63,CA,1619370731
Saint Paul Harbor,57.79,-152.4072,277.15,87,90,4.63,US,1619370539
Nanuque,-17.8392,-40.3539,305.28,44,5,1.88,BR,1619370732
Nicoya,10.1483,-85.45200000000001,306.86,38,27,3.14,CR,1619370732
Oranjemund,-28.55,16.4333,290.11,87,100,1.89,,1619370405
El Tigre,8.8875,-64.2454,306.73,34,69,6.1,VE,1619370629
Saint-Louis,16.3333,-15.0,311.15,19,0,1.03,SN,1619370733
Boueni,-12.9025,45.0761,300.15,83,0,3.09,YT,1619370734
Port Alfred,-33.5906,26.891,294.57,71,97,7.25,ZA,1619370735
Matagami,49.7502,-77.6328,268.15,93,90,8.23,CA,1619370716
Stromness,58.965,-3.2960000000000003,282.15,76,0,4.12,GB,1619370736
Lagoa,39.05,-27.9833,288.45,79,30,6.45,PT,1619370736
Mayskiy,47.6931,40.1025,285.15,37,0,2.0,RU,1619370737
Faya,18.3851,42.4509,291.15,59,40,3.6,SA,1619370737
Namtsy,62.7161,129.6658,274.15,80,40,1.0,RU,1619370738
Egvekinot,66.3167,-179.1667,267.03,90,92,2.39,RU,1619370718
Lata,40.1629,-8.3327,290.15,82,75,3.09,PT,1619370740
İskenderun,36.5872,36.1735,296.15,46,75,9.26,TR,1619370741
Longyearbyen,78.2186,15.6401,268.15,68,40,7.72,SJ,1619370728
Hithadhoo,-0.6,73.0833,301.64,66,57,1.76,MV,1619370742
Katsuura,35.1333,140.3,287.15,54,75,7.72,JP,1619370742
Cayenne,4.9333,-52.3333,303.15,70,90,6.69,GF,1619370743
Tabou,4.423,-7.3528,301.8,70,100,3.69,CI,1619370743
Cabo San Lucas,22.8909,-109.9124,301.48,34,40,3.6,MX,1619370744
George Town,5.4112,100.3354,301.48,89,20,1.03,MY,1619370744
Narsaq,60.9167,-46.05,284.15,30,75,8.75,GL,1619370699
Pringsewu,-5.3582,104.9744,296.04,95,78,1.02,ID,1619370673
Mil'kovo,54.7167,158.6167,272.75,91,99,0.5,RU,1619370746
Barentu,15.1139,37.5928,305.27,21,78,0.98,ER,1619370746
Richards Bay,-28.783,32.0377,293.17,85,0,1.02,ZA,1619370747
Mehamn,71.0357,27.8492,275.15,69,75,5.14,NO,1619370747
Kabanjahe,3.1001,98.4908,298.15,100,75,3.09,ID,1619370748
Airai,-8.9266,125.4092,286.11,82,22,0.86,TL,1619370700
Jumla,29.2747,82.1838,282.56,43,27,1.86,NP,1619370077
Cap Malheureux,-19.9842,57.6142,298.71,81,100,3.13,MU,1619370749
Yantai,37.5333,121.4,283.54,67,100,1.46,CN,1619370750
Coyhaique,-45.5752,-72.0662,287.15,51,40,4.12,CL,1619370750
Salalah,17.0151,54.0924,302.15,70,75,3.6,OM,1619370605
Abnūb,27.2696,31.1511,308.15,20,0,6.17,EG,1619370751
Nelson Bay,-32.7167,152.15,285.93,100,16,2.57,AU,1619370752
Gimli,50.6336,-96.9907,274.15,69,99,2.57,CA,1619370752
Coquimbo,-29.9533,-71.3436,290.15,72,20,5.14,CL,1619370753
Dandong,40.1292,124.3947,284.4,33,85,2.55,CN,1619370754
Ewo,-0.8725,14.8206,301.37,63,82,1.19,CG,1619370754
Jvari,42.7169,42.052,286.15,76,75,4.63,GE,1619370755
Mahon,39.8885,4.2658,290.15,72,0,9.26,ES,1619370756
Marsá Maţrūḩ,31.3525,27.2453,292.15,77,40,7.72,EG,1619370756
Carnarvon,-24.8667,113.6333,291.15,88,1,4.12,AU,1619370757
Lagan,45.3929,47.3707,285.16,59,96,4.73,RU,1619370758
Ichchāpuram,19.1167,84.7,300.39,74,82,5.36,IN,1619370758
Belmonte,-15.8631,-38.8828,302.15,65,40,6.69,BR,1619370759
Vila Franca do Campo,37.7167,-25.4333,290.15,67,75,7.2,PT,1619370760
Aflao,6.1160000000000005,1.1914,304.15,74,40,4.63,TG,1619370760
Reyes,-14.3167,-67.3833,295.15,100,90,4.12,BO,1619370761
Chui,-33.6971,-53.4616,293.62,47,19,4.98,UY,1619370761
Byron Bay,-28.65,153.6167,287.04,94,40,3.79,AU,1619370762
Bagotville,-28.9833,153.4167,287.04,100,90,2.06,AU,1619370762
Nebyliv,48.8153,24.2166,278.15,93,75,2.0,UA,1619370612
Tarquinia,42.2482,11.7553,293.15,42,0,4.63,IT,1619370763
Ribeira Grande,38.5167,-28.7,291.15,72,20,2.57,PT,1619370764
Korla,41.7597,86.1469,284.83,23,5,3.17,CN,1619370764
Kibara,-2.15,33.45,294.15,88,75,1.06,TZ,1619370554
Pemberton,50.3164,-122.8027,280.15,76,90,1.54,CA,1619370765
Bilma,18.6853,12.9164,311.64,7,7,3.59,NE,1619370766
Srednekolymsk,67.45,153.6833,252.82,100,26,2.06,RU,1619370766
Arraial do Cabo,-22.9661,-42.0278,302.15,65,0,4.12,BR,1619370767
Acarí,-15.4311,-74.6158,299.71,54,16,4.21,PE,1619370769
Wanning,18.8003,110.3967,298.79,91,45,3.09,CN,1619370769
Visby,57.6409,18.296,277.04,70,40,5.66,SE,1619370770
Beringovskiy,63.05,179.3167,272.11,88,99,1.46,RU,1619370770
Paramonga,-10.6667,-77.8333,294.96,75,69,3.74,PE,1619370771
Marataizes,-21.0433,-40.8244,299.23,72,47,4.36,BR,1619370772
Bengkulu,-3.8004,102.2655,298.36,86,100,2.15,ID,1619370535
Nadym,65.5333,72.5167,273.48,97,100,5.08,RU,1619370577
Khatanga,71.9667,102.5,259.29,83,97,8.49,RU,1619370633
Redlands,34.0556,-117.1825,289.82,67,90,2.83,US,1619370774
Eenhana,-17.4667,16.3333,298.15,36,26,1.54,,1619370774
Diamantino,-14.4086,-56.4461,301.22,64,95,2.53,BR,1619370775
Galveston,29.3669,-94.9669,297.59,64,1,6.69,US,1619370775
Camargo,27.6667,-105.1667,300.24,6,83,3.5,MX,1619370775
Yagodnoye,62.55,149.6667,248.59,94,21,1.85,RU,1619370776
Codrington,-38.2667,141.9667,284.75,86,47,2.39,AU,1619370538
‘Āhuimanu,21.4447,-157.8378,297.15,69,75,5.14,US,1619370521
Goianésia,-15.3175,-49.1175,303.75,45,51,1.63,BR,1619370777
Yeniseysk,58.4497,92.1703,275.44,96,100,3.37,RU,1619370777
Sambava,-14.2667,50.1667,297.36,85,100,3.54,MG,1619370779
Cowra,-33.8333,148.6833,278.71,84,0,0.98,AU,1619370780
Hasaki,35.7333,140.8333,283.15,57,40,5.14,JP,1619370781
Al Bardīyah,31.7561,25.0865,290.82,76,0,6.83,LY,1619370781
Saint-Pierre,-21.3393,55.4781,299.15,73,0,10.8,RE,1619370782
Bensonville,6.4461,-10.6125,303.15,74,20,4.12,LR,1619370782
Wanaka,-44.7,169.15,277.59,74,43,2.34,NZ,1619370783
Raudeberg,61.9875,5.1352,278.71,60,8,6.19,NO,1619370783
Hanzhong,33.0728,107.0303,284.78,93,100,0.21,CN,1619370784
Verkhoyansk,67.5447,133.385,262.34,97,78,1.17,RU,1619370754
Thurso,58.5927,-3.5259,282.15,81,62,3.6,GB,1619370785
Ayan,56.45,138.1667,267.36,85,17,2.24,RU,1619370786
Mercedes,-34.6515,-59.4307,293.71,68,0,2.24,AR,1619370786
Dunedin,-45.8742,170.5036,282.04,42,77,1.34,NZ,1619370787
Lorengau,-2.0226,147.2712,299.86,78,100,2.4,PG,1619370788
Takhtamygda,54.1,123.5667,276.29,70,100,0.74,RU,1619370788
Lamas,-6.4167,-76.5333,307.15,46,20,1.54,PE,1619370789
Malé,4.1748,73.5089,303.15,74,40,3.6,MV,1619370789
Centralia,46.7162,-122.9543,283.71,81,90,3.09,US,1619370566
Ilulissat,69.2167,-51.1,284.15,40,20,9.77,GL,1619370790
Mahébourg,-20.4081,57.7,298.15,88,75,5.66,MU,1619370804
Yulara,-25.2406,130.9889,289.15,41,0,5.14,AU,1619370805
Yerbogachën,61.2767,108.0108,274.12,98,100,3.34,RU,1619370805
Vilcún,-38.65,-72.2333,283.15,100,75,1.03,CL,1619370806
Carutapera,-1.195,-46.02,301.52,77,88,2.59,BR,1619370806
Aruppukkottai,9.5167,78.1,302.15,79,20,2.57,IN,1619370807
Nemuro,43.3236,145.575,273.48,68,42,8.6,JP,1619370807
Petropavlovsk-Kamchatskiy,53.0452,158.6483,274.15,100,75,1.0,RU,1619370813
São Filipe,14.8961,-24.4956,295.3,75,87,5.13,CV,1619370813
Kahului,20.8947,-156.47,296.15,73,20,5.14,US,1619370655
Akureyri,65.6835,-18.0878,277.15,100,90,7.72,IS,1619370814
Norman Wells,65.282,-126.8329,273.15,55,75,10.29,CA,1619370814
Sittwe,20.15,92.9,301.28,78,0,3.45,MM,1619370815
Pevek,69.7008,170.3133,265.94,95,100,5.36,RU,1619370815
Padang,-0.9492,100.3543,298.98,85,98,1.32,ID,1619370816
Progreso,21.2833,-89.6667,307.59,49,40,2.41,MX,1619370816
Naze,28.3667,129.4833,291.41,66,100,4.89,JP,1619370817
Ambilobe,-13.2,49.05,296.12,81,99,1.79,MG,1619370817
Piskavica,44.8681,16.9736,294.15,23,0,2.06,BA,1619370546
Naantali,60.4674,22.0243,278.15,60,75,4.63,FI,1619370818
Mendoza,-32.8908,-68.8272,293.15,45,0,1.54,AR,1619370557
Kjøllefjord,70.9457,27.3465,275.15,69,75,5.14,NO,1619370822
Guerrero Negro,27.9769,-114.0611,291.3,62,75,5.27,MX,1619370822
Alofi,-19.0595,-169.9187,294.15,94,89,0.51,NU,1619370823
Atar,20.5169,-13.0499,309.22,11,0,6.69,MR,1619370824
Talakan,50.3167,130.3667,275.9,43,90,1.79,RU,1619370825
Port Hardy,50.6996,-127.4199,282.15,93,90,2.06,CA,1619370825
Evensk,61.95,159.2333,267.9,95,100,3.37,RU,1619370829
Roanoke Rapids,36.4615,-77.6542,291.48,82,90,3.6,US,1619370692
Kirakira,-10.4544,161.9205,299.16,84,61,1.61,SB,1619370833
Henties Bay,-22.116,14.2845,290.93,87,1,2.68,,1619370834
Rockhampton,-23.3833,150.5,291.15,77,5,2.06,AU,1619370835
Olyka,50.7186,25.8125,280.93,43,97,1.79,UA,1619370835
Leh,34.1667,77.5833,275.33,26,1,1.99,IN,1619370809
Batticaloa,7.7102,81.6924,300.33,68,9,3.61,LK,1619370836
Scarborough,54.2797,-0.4044,282.59,73,58,0.45,GB,1619370679
Sydney,-33.8679,151.2073,287.59,82,0,3.6,AU,1619370548
Maniitsoq,65.4167,-52.9,277.24,78,65,2.85,GL,1619370838
High Level,58.5169,-117.136,274.15,64,90,1.54,CA,1619370839
Manhush,47.0558,37.3107,282.59,100,71,0.45,UA,1619370839
Opuwo,-18.0607,13.84,297.87,30,24,0.99,,1619370840
Pemangkat,1.1667,108.9667,299.28,83,79,2.08,ID,1619370594
Dikson,73.5069,80.5464,263.94,92,100,4.7,RU,1619370673
Dhārchula,29.85,80.5333,290.75,29,2,4.12,IN,1619370841
Tuatapere,-46.1333,167.6833,278.71,82,58,3.13,NZ,1619370537
Chimbarongo,-34.7,-71.05,292.59,55,0,3.6,CL,1619370842
San Patricio,28.017,-97.5169,303.15,45,1,6.17,US,1619370842
Mezen',65.8522,44.24,279.45,85,100,2.42,RU,1619370843
Road Town,18.4167,-64.6167,302.15,61,40,5.14,VG,1619370843
Bāsār,27.9833,94.6667,293.14,51,10,1.27,IN,1619370843
Bucerías,20.75,-105.3333,301.15,57,20,3.6,MX,1619370844
Severo-Kuril'sk,50.6789,156.125,272.91,97,100,4.36,RU,1619370844
Sokoni,-6.4333,39.55,301.15,78,40,5.14,TZ,1619370845
Chāmpua,22.0833,85.6667,302.49,28,47,5.54,IN,1619370845
Auki,-8.7676,160.7034,298.35,86,77,0.73,SB,1619370846
Kavieng,-2.5744,150.7967,300.83,77,94,2.03,PG,1619370847
Choma,-16.8065,26.9531,292.19,65,80,1.83,ZM,1619370848
Władysławowo,54.7909,18.4009,278.15,52,75,4.63,PL,1619370849
Pisco,-13.7,-76.2167,294.15,83,20,3.6,PE,1619370538
Flinders,-34.5833,150.8552,284.82,84,60,0.45,AU,1619370850
Laas,46.6166,10.7002,296.15,33,0,3.09,IT,1619370850
San Quintín,30.4833,-115.95,290.21,68,63,5.34,MX,1619370851
Nushki,29.5542,66.0215,300.64,9,0,0.45,PK,1619370852
Plouzané,48.3833,-4.6167,288.15,51,0,9.77,FR,1619370852
Kumul,42.8,93.45,279.7,18,100,3.31,CN,1619370672
Dohad,22.8333,74.2667,305.7,10,99,1.08,IN,1619370853
Coihueco,-36.6167,-71.8333,292.15,52,0,4.63,CL,1619370577
Madimba,-10.4,40.3333,298.15,94,75,3.6,TZ,1619370854
Finschhafen,-6.6024,147.8681,299.3,81,99,3.6,PG,1619370854
Laguna Beach,33.5423,-117.7831,290.15,59,75,4.12,US,1619370855
Clyde River,70.4692,-68.5914,266.15,100,20,7.72,CA,1619370660
Lovington,32.944,-103.3485,299.26,16,0,3.13,US,1619370856
Touros,-5.1989,-35.4608,303.15,66,40,6.69,BR,1619370856
Dmitrovsk-Orlovskiy,52.505,35.1464,276.04,62,67,3.46,RU,1619370857
Teeli,51.0333,90.2333,272.82,47,85,2.04,RU,1619370857
Cabedelo,-6.9811,-34.8339,303.15,66,20,5.66,BR,1619370775
Khasan,42.4308,130.6434,279.14,45,0,1.82,RU,1619370858
Buala,-8.145,159.5921,299.61,82,58,0.64,SB,1619370859
Hauterive,46.0901,3.4459,294.15,35,0,6.17,FR,1619370859
Castro,-24.7911,-50.0119,292.01,71,100,2.26,BR,1619370535
Samarai,-10.6167,150.6667,301.46,77,89,5.75,PG,1619370860
Kenora,49.8167,-94.4337,279.15,28,75,5.14,CA,1619370860
Vila,42.0304,-8.1588,288.71,78,99,3.13,PT,1619370861
Punta Umbría,37.1821,-6.9661,291.48,64,19,3.58,ES,1619370861
Ginir,7.1333,40.7,288.21,92,99,1.43,ET,1619370862
Margate,51.3813,1.3862,281.48,63,10,1.79,GB,1619370863
Óbidos,-1.9175,-55.5181,303.47,67,89,1.8,BR,1619370863
San Cristobal,7.7669,-72.225,305.15,58,20,5.14,VE,1619370807
Stornoway,58.2093,-6.3865,287.59,67,79,3.09,GB,1619370864
Lüderitz,-26.6481,15.1594,290.36,88,82,1.86,,1619370536
Sangmélima,2.9333,11.9833,298.16,72,98,1.38,CM,1619370865
Luanda,-8.8368,13.2343,301.15,83,20,3.6,AO,1619370398
Nkayi,-4.1841,13.2884,300.11,78,93,1.01,CG,1619370866
Makakilo City,21.3469,-158.0858,296.15,73,1,2.57,US,1619370867
Trairi,-3.2778,-39.2689,302.37,67,82,4.41,BR,1619370867
Pochutla,15.7432,-96.4661,305.37,58,75,5.14,MX,1619370868
Baykit,61.67,96.37,274.01,91,94,2.47,RU,1619370868
Angoche,-16.2325,39.9086,297.92,86,81,2.75,MZ,1619370869
Russell,32.3502,-85.1999,294.82,52,1,4.12,US,1619370869
Lucapa,-8.4192,20.7447,293.65,89,71,1.1,AO,1619370870
Vikhorevka,56.1201,101.1636,273.15,59,37,3.0,RU,1619370870
Manokwari,-0.8667,134.0833,299.12,80,100,4.03,ID,1619370871
Port Elizabeth,-33.918,25.5701,292.15,68,0,1.03,ZA,1619370872
Namatanai,-3.6667,152.4333,299.38,82,73,1.41,PG,1619370872
Sola,-13.8833,167.55,300.6,74,100,1.59,VU,1619370873
Akdepe,42.0551,59.3788,294.15,26,0,4.12,TM,1619370873
Mugur-Aksy,50.35,90.5,262.85,68,30,2.56,RU,1619370874
Ancud,-41.8697,-73.8203,287.59,100,90,1.2,CL,1619370874
Twentynine Palms,34.1356,-116.0542,294.82,34,1,2.57,US,1619370875
Milas,37.3164,27.7839,292.15,63,75,4.63,TR,1619370875
Arrecife,28.963,-13.5477,297.15,46,20,9.26,ES,1619370876
Gander,48.9682,-54.5906,284.15,43,75,6.69,CA,1619370876
Taoudenni,22.6783,-3.9836,313.79,7,2,6.73,ML,1619370762
Chul'man,56.8479,124.9104,270.21,99,100,0.39,RU,1619370877
Panukulan,14.9333,121.8144,298.71,79,76,4.07,PH,1619370878
Mayo,38.8876,-76.5119,288.71,63,90,4.12,US,1619370883
Tairua,-37.0167,175.85,287.59,85,51,7.15,NZ,1619370887
College,64.8569,-147.8028,278.15,60,1,0.38,US,1619370887
Omboué,-1.5746,9.2618,300.34,76,33,3.45,GA,1619370888
Haines Junction,60.7522,-137.5108,275.15,60,4,1.54,CA,1619370893
Port Blair,11.6667,92.75,301.27,73,95,2.32,IN,1619370894
Grindavik,63.8424,-22.4338,282.15,76,75,6.69,IS,1619370894
Puerto Suárez,-18.95,-57.8,295.15,88,75,5.66,BO,1619370896
Avera,33.194,-82.5271,295.15,56,90,4.12,US,1619370896
Big Bend,-26.8167,31.9333,293.76,72,0,1.94,SZ,1619370897
Abū Zabad,12.35,29.25,307.86,19,100,3.14,SD,1619370897
Salihorsk,52.7876,27.5415,276.34,71,91,2.75,BY,1619370898
Balkhash,46.844,74.9804,282.16,42,63,4.69,KZ,1619370898
Zapolyarnyy,69.4154,30.8136,274.15,64,40,6.17,RU,1619370899
New Castle,41.0037,-80.347,286.15,71,90,6.17,US,1619370885
Vestmannaeyjar,63.4427,-20.2734,280.15,87,75,6.17,IS,1619370900
Annonay,45.2397,4.6708,293.15,30,0,3.09,FR,1619370900
Jonuta,18.0833,-92.1333,304.15,66,75,2.91,MX,1619370901
Guymon,36.6828,-101.4816,299.15,17,1,11.32,US,1619370901
Aykhal,66.0,111.5,259.98,94,100,11.97,RU,1619370901
Saravan,39.7196,45.6483,296.15,31,75,4.12,AM,1619370902
Ilembo,-9.25,33.3833,286.23,98,56,1.63,TZ,1619370902
Saldanha,-33.0117,17.9442,291.15,77,100,2.57,ZA,1619370903
Benemérito de las Américas,16.5167,-90.6439,307.7,41,89,0.96,MX,1619370904
Port Lincoln,-34.7333,135.8667,288.45,76,51,3.62,AU,1619370825
Necochea,-38.5473,-58.7368,290.93,71,99,0.89,AR,1619370650
Comodoro Rivadavia,-45.8667,-67.5,291.15,45,0,6.69,AR,1619370901
Boa Vista,2.8197,-60.6733,299.15,83,75,2.57,BR,1619370804
Buchanan,5.8808,-10.0467,303.15,74,20,4.12,LR,1619370906
Mar del Plata,-38.0023,-57.5575,291.15,63,75,7.2,AR,1619370805
San Policarpo,12.1791,125.5072,299.22,76,92,4.19,PH,1619370907
Vardø,70.3705,31.1107,274.15,69,40,8.23,NO,1619370908
San José de Ocoa,18.55,-70.5,304.15,55,20,6.17,DO,1619370908
Cuencamé de Ceniceros,24.8711,-103.6964,300.56,8,20,2.39,MX,1619370911
Łobez,53.6392,15.6213,278.15,47,9,2.68,PL,1619370912
Klyuchi,52.2667,79.1667,280.78,41,99,4.33,RU,1619370913
Nemenčinė,54.85,25.4833,277.59,75,75,8.23,LT,1619370914
Desbiens,48.4178,-71.9495,283.15,53,75,2.06,CA,1619370914
Tevaitoa,-16.7833,-151.5,300.02,67,7,2.21,PF,1619370915
Luan,46.3592,6.9759,294.15,32,40,6.17,CH,1619370916
Gornopravdinsk,60.05,69.9,279.1,72,100,4.34,RU,1619370916
Vágur,61.4732,-6.8119,281.05,85,100,5.54,FO,1619370917
Tsaratanana,-16.7833,47.65,296.33,79,90,3.31,MG,1619370917
Jiujiang,29.7333,115.9833,289.07,90,99,2.29,CN,1619370918
Huilong,31.8111,121.655,290.93,77,50,3.06,CN,1619370918
Mattru,7.6244,-11.8332,304.13,58,73,3.34,SL,1619370919
Sena Madureira,-9.0656,-68.6569,306.2,50,32,1.44,BR,1619370919
Visnes,59.3556,5.2242,280.15,61,0,12.35,NO,1619370920
Rawson,-43.3002,-65.1023,291.98,42,60,9.77,AR,1619370920
Laguna,38.421,-121.4238,287.59,62,90,3.09,US,1619370921
Morón,-34.6534,-58.6198,293.15,64,10,1.79,AR,1619370921
Saint-Augustin,51.226000000000006,-58.6502,280.76,46,64,5.64,CA,1619370922
Fandriana,-20.2333,47.3833,288.29,99,100,1.31,MG,1619370923
Aljezur,37.3191,-8.8033,292.48,62,17,4.91,PT,1619370923
Pundaguitan,6.3711,126.1689,301.36,74,58,4.27,PH,1619370924
Yaan,7.3833,8.5667,304.52,52,96,1.8,NG,1619370925
Itarema,-2.9248,-39.9167,302.57,67,92,5.99,BR,1619370925
Tual,-5.6667,132.75,302.05,62,100,2.91,ID,1619370926
Sos'va,59.1766,61.8558,282.52,52,99,4.19,RU,1619370926
San Ramon,37.7799,-121.978,286.48,54,75,3.09,US,1619370685
Moramanga,-18.9333,48.2,290.62,95,87,1.4,MG,1619370927
Daru,-9.0763,143.2092,297.69,92,100,4.65,PG,1619370927
Burnie,-41.0667,145.9167,284.26,83,80,2.68,AU,1619370928
Chernyshevskiy,63.0128,112.4714,271.33,98,100,1.72,RU,1619370928
Whitehorse,60.7161,-135.0538,279.82,52,20,0.92,CA,1619370929
Anadyr,64.75,177.4833,268.15,93,75,1.0,RU,1619370929
Iquique,-20.2208,-70.1431,295.15,46,0,7.72,CL,1619370660
Banning,33.9256,-116.8764,288.71,71,22,2.24,US,1619370783
Fuzhou,26.0614,119.3061,293.15,68,0,4.0,CN,1619370930
Ullapool,57.8987,-5.1604,288.15,53,33,0.89,GB,1619370931
Banda Aceh,5.5577,95.3222,300.06,79,88,3.31,ID,1619370931
Mumford,5.2618,-0.759,301.68,70,100,5.07,GH,1619370932
Chapais,49.7834,-74.8492,282.15,57,90,4.12,CA,1619370717
Saint Anthony,45.0205,-93.218,280.37,39,90,4.12,US,1619370933
Umm Hājar,13.2954,19.6966,310.02,12,66,0.89,TD,1619370776
Jacareacanga,-6.2222,-57.7528,306.85,50,78,0.48,BR,1619370934
Gizo Government Station,-8.103,156.8419,301.06,75,12,1.54,SB,1619370935
Asău,46.4333,26.4,284.82,42,94,3.26,RO,1619370935
Khartoum,15.5518,32.5324,310.93,16,4,0.45,SD,1619370784
Meulaboh,4.1363,96.1285,298.73,83,88,1.56,ID,1619370936
Mnogovershinnyy,53.9353,139.9242,264.33,84,62,0.87,RU,1619370732
Karratha,-20.7377,116.8463,298.64,61,0,1.67,AU,1619370749
Adamantas,36.7333,24.4333,288.15,67,73,12.35,GR,1619370937
Kitob,39.0843,66.8332,293.15,37,96,5.14,UZ,1619370937
Inhambane,-23.865,35.3833,297.15,83,20,2.45,MZ,1619370938
Karpathos,35.507,27.2132,290.15,77,20,17.49,GR,1619370938
Boyolangu,-8.1181,111.8935,297.25,90,47,0.52,ID,1619370938
Barra de Tecoanapa,16.5167,-98.75,303.16,61,100,3.78,MX,1619370939
General Delgado,-27.1667,-56.5167,297.15,60,40,5.14,PY,1619370939
Half Moon Bay,37.4636,-122.4286,287.15,76,90,4.63,US,1619370940
Nortelândia,-14.4547,-56.8028,301.08,68,99,2.16,BR,1619370940
Ayorou,14.7308,0.9174,314.19,7,95,1.22,NE,1619370941
Kropotkin,45.4375,40.5756,282.04,82,100,5.22,RU,1619370942
Adrar,20.5022,-10.0711,309.97,10,4,4.76,MR,1619370942
Potoru,7.5072,-11.4786,300.6,76,100,3.07,SL,1619370943
Rafai,4.95,23.9167,294.01,98,97,1.06,CF,1619370676
Valday,57.9747,33.2525,275.69,69,100,4.21,RU,1619370944
Payo,-3.7508,103.6372,296.56,91,99,1.1,ID,1619370945
Zwedru,6.0667,-8.1281,302.74,66,100,2.31,LR,1619370945
Chaplynka,46.3651,33.5403,283.71,66,99,0.45,UA,1619370918
La Santisima Trinidad,-14.8333,-64.9,295.15,88,90,5.14,BO,1619370654
São Félix do Xingu,-6.6447,-51.995,304.89,55,45,1.24,BR,1619370946
Kanniyākumāri,8.0833,77.5667,301.7,78,6,4.62,IN,1619370947
Gamba,-2.65,10.0,300.27,79,84,3.21,GA,1619370679
Juneau,58.3019,-134.4197,281.48,53,40,1.41,US,1619370911
Nueva Florida,-6.9526,-76.613,307.15,46,20,1.54,PE,1619370948
Tulagi,-9.0996,160.1476,300.92,74,80,1.19,SB,1619370949
Nago,26.5881,127.9761,293.15,94,1,1.54,JP,1619370694
Mount Isa,-20.7333,139.5,294.15,49,31,2.06,AU,1619370805
Pompéu,-19.2244,-44.9353,303.05,24,81,2.32,BR,1619370950
Brae,60.3964,-1.3530000000000002,281.15,76,20,5.14,GB,1619370950
Celestún,20.8667,-90.4,302.67,60,5,2.92,MX,1619370951
Ponta do Sol,32.6667,-17.1,293.15,60,40,3.09,PT,1619370951
Igarka,67.4667,86.5833,257.86,98,22,3.1,RU,1619370951
Coahuayana Viejo,18.7333,-103.6833,301.15,36,20,2.58,MX,1619370952
Bukama,-9.2,25.85,294.28,94,99,1.24,CD,1619370952
Mosquera,4.7059,-74.2302,293.15,52,75,1.54,CO,1619370953
Mocuba,-16.8392,36.9856,296.17,86,40,2.2,MZ,1619370953
Aborlan,9.4352,118.5492,298.58,85,29,2.27,PH,1619370954
Atbasar,51.8,68.3333,282.48,64,72,3.74,KZ,1619370954
Sühbaatar,50.2314,106.2078,276.08,78,100,5.56,MN,1619370955
Keningau,5.3378,116.1602,301.15,78,20,2.06,MY,1619370955
Buluang,13.3068,123.3425,296.33,93,24,2.14,PH,1619370956
Lavrentiya,65.5833,-171.0,267.3,87,99,1.68,RU,1619370956
Dukat,62.55,155.55,256.09,97,100,1.08,RU,1619370957
Yeppoon,-23.1333,150.7333,291.15,77,26,2.06,AU,1619370887
Nabire,-3.3667,135.4833,295.97,95,100,1.58,ID,1619370958
Marathon,44.9,-89.7668,280.93,33,1,1.54,US,1619370959
Les Cayes,18.2,-73.75,301.07,71,92,5.89,HT,1619370959
Young,-32.6833,-57.6333,292.59,52,0,2.24,UY,1619370960
Moshenskoye,58.5102,34.5911,274.74,97,100,4.56,RU,1619370960
Labytnangi,66.6572,66.4183,273.17,97,100,2.65,RU,1619370961
Jaciara,-15.9653,-54.9683,305.32,39,56,1.92,BR,1619370961
Baturaja,-4.1333,104.1667,296.03,96,100,1.21,ID,1619370962
Praia,14.9215,-23.5087,298.15,53,20,10.29,CV,1619370962
Ilongero,-4.6667,34.8667,289.33,94,54,2.54,TZ,1619370963
Mezhdurechensk,53.6942,88.0603,272.81,97,97,1.15,RU,1619370963
Tazovsky,67.4667,78.7,258.84,97,41,3.14,RU,1619370964
Santa Fe,-31.6333,-60.7,294.26,45,0,1.79,AR,1619370965
Araouane,18.9048,-3.5265,313.54,8,73,0.39,ML,1619370702
Kasongo,-4.45,26.6667,294.38,94,100,1.25,CD,1619370966
Jalu,29.0331,21.5482,297.08,39,0,7.32,LY,1619370966
Haigerloch,48.3661,8.8036,287.04,46,1,4.18,DE,1619370967
Hofn,64.2539,-15.2082,279.15,87,90,3.09,IS,1619370722
Palmer,42.1584,-72.3287,285.15,76,90,3.09,US,1619370968
Riviere-au-Renard,48.9957,-64.3971,283.15,50,20,6.17,CA,1619370968
Aksu,41.1231,80.2644,289.61,25,15,3.85,CN,1619370709
Uyuni,-20.4597,-66.825,283.63,13,0,6.48,BO,1619370969
La Palma,33.8464,-118.0467,292.04,67,75,4.12,US,1619370970
Sur,22.5667,59.5289,303.63,41,0,3.1,OM,1619370970
Indramayu,-6.3264,108.32,300.23,75,81,2.35,ID,1619370971
Maturin,9.75,-63.1767,304.13,50,91,4.62,VE,1619370971
Prainha,-1.8,-53.48,302.38,72,100,1.68,BR,1619370972
Plettenberg Bay,-34.0527,23.3716,294.51,59,100,0.41,ZA,1619370972
Surgut,61.25,73.4167,278.15,81,0,4.0,RU,1619370723
Townsville,-19.25,146.8,296.15,83,90,5.14,AU,1619370973
Hammerfest,70.6634,23.6821,274.15,86,75,4.63,NO,1619370974
Bereda,43.2686,-7.5406,288.71,100,99,3.13,ES,1619370974
Zahnitkiv,48.0446,28.8958,283.71,61,56,2.92,UA,1619370975
Port Augusta,-32.5,137.7667,286.15,88,0,2.06,AU,1619370804
Supaul,26.1167,86.6,303.9,7,8,4.65,IN,1619370976
Vilyuysk,63.7553,121.6247,273.32,98,100,2.04,RU,1619370977
Poconé,-16.2567,-56.6228,304.63,43,100,3.39,BR,1619370977
Plastun,44.7561,136.2939,271.74,77,11,1.99,RU,1619370978
Loreto,22.2667,-101.9667,298.45,26,26,3.03,MX,1619370978
Alexander City,32.944,-85.9539,295.93,52,1,3.6,US,1619370979
Slave Lake,55.2834,-114.769,273.15,69,1,3.09,CA,1619370979
Pangai,-19.8,-174.35,296.15,94,40,1.03,TO,1619370980
Yumen,40.2833,97.2,278.64,15,88,8.67,CN,1619370980
Ode,7.7899,5.7117,301.49,64,100,4.64,NG,1619370981
Portland,45.5234,-122.6762,284.82,71,90,1.54,US,1619370860
Imperatriz,-5.5264,-47.4917,301.15,89,40,1.54,BR,1619370981
Mascote,-15.5631,-39.3025,305.76,45,11,2.84,BR,1619370982
Snezhnogorsk,69.1933,33.2531,274.15,75,75,5.0,RU,1619370982
Tyrma,50.0833,132.1667,272.08,45,61,1.3,RU,1619370886
Alugan,12.2188,125.4808,299.03,76,95,3.99,PH,1619370983
Krasnyy Yar,46.5331,48.3456,286.15,41,0,3.0,RU,1619370983
Seoul,37.5683,126.9778,289.15,71,0,1.03,KR,1619370433
Yibin,28.7667,104.6238,288.8,87,100,3.16,CN,1619370984
Santiago de Chuco,-8.15,-78.1833,289.75,59,62,0.72,PE,1619370985
Kuytun,54.3419,101.5036,273.41,81,47,2.85,RU,1619370985
Assiut,27.181,31.1837,308.15,20,0,6.17,EG,1619370986
Dzilam González,21.2833,-88.9333,308.15,36,48,1.37,MX,1619370986
Mayumba,-3.432,10.6554,300.01,80,83,2.34,GA,1619370987
Great Falls,47.5002,-111.3008,277.04,87,90,1.54,US,1619370716
Pangnirtung,66.1451,-65.7125,273.15,80,90,2.06,CA,1619370989
Peniche,39.3558,-9.3811,293.71,90,65,1.34,PT,1619370990
Aquidauana,-20.4711,-55.7872,296.33,79,97,1.93,BR,1619370991
Jiangyou,31.7667,104.7167,287.04,90,100,1.85,CN,1619370992
Teya,60.3778,92.6267,274.41,96,100,2.55,RU,1619370992
São João da Barra,-21.6403,-41.0511,303.15,54,20,1.03,BR,1619370992
Mazara del Vallo,37.6641,12.588,291.15,82,20,2.06,IT,1619370993
